recovered, date
3312913,2020-06-05 20:54:24
3312914,2020-06-05 20:54:36
3312914,2020-06-05 20:54:49
3312914,2020-06-05 20:55:01
3312914,2020-06-05 20:55:14
3312914,2020-06-05 20:55:26
3312914,2020-06-05 20:55:38
3312914,2020-06-05 20:55:51
3312914,2020-06-05 20:56:03
3312914,2020-06-05 20:56:15
3312914,2020-06-05 20:56:27
3312914,2020-06-05 20:56:40
3312914,2020-06-05 20:56:52
3312914,2020-06-05 20:57:04
3312914,2020-06-05 20:57:16
3312914,2020-06-05 20:57:30
3312914,2020-06-05 20:57:42
3312914,2020-06-05 20:57:54
3312914,2020-06-05 20:58:06
3312914,2020-06-05 20:58:19
3312914,2020-06-05 20:58:31
